,Class,Word
0,0,you                           
1,0,yyou                          
2,0,yyyou                         
3,0,yyyyou                        
4,0,yyyyyou                       
5,0,yyyyyyou                      
6,0,yyyyyyyou                     
7,0,yyyyyyyyou                    
8,0,yyyyyyyyyou                   
9,0,yyyyyyyyyyou                  
10,0,yyyyyyyyyyyou                 
11,0,yyyyyyyyyyyyou                
12,0,yyyyyyyyyyyyyou               
13,0,yyyyyyyyyyyyyyou              
14,0,yyyyyyyyyyyyyyyou             
15,0,yoou                          
16,0,yooou                         
17,0,yoooou                        
18,0,yooooou                       
19,0,yoooooou                      
20,0,yooooooou                     
21,0,yoooooooou                    
22,0,yooooooooou                   
23,0,yoooooooooou                  
24,0,yooooooooooou                 
25,0,yoooooooooooou                
26,0,yooooooooooooou               
27,0,yoooooooooooooou              
28,0,yooooooooooooooou             
29,0,youu                          
30,0,youuu                         
31,0,youuuu                        
32,0,youuuuu                       
33,0,youuuuuu                      
34,0,youuuuuuu                     
35,0,youuuuuuuu                    
36,0,youuuuuuuuu                   
37,0,youuuuuuuuuu                  
38,0,youuuuuuuuuuu                 
39,0,youuuuuuuuuuuu                
40,0,youuuuuuuuuuuuu               
41,0,youuuuuuuuuuuuuu              
42,0,youuuuuuuuuuuuuuu             
43,0,yu                            
44,0,yyu                           
45,0,yyyu                          
46,0,yyyyu                         
47,0,yyyyyu                        
48,0,yyyyyyu                       
49,0,yyyyyyyu                      
50,0,yyyyyyyyu                     
51,0,yyyyyyyyyu                    
52,0,yyyyyyyyyyu                   
53,0,yyyyyyyyyyyu                  
54,0,yyyyyyyyyyyyu                 
55,0,yyyyyyyyyyyyyu                
56,0,yyyyyyyyyyyyyyu               
57,0,yyyyyyyyyyyyyyyu              
58,0,yuu                           
59,0,yuuu                          
60,0,yuuuu                         
61,0,yuuuuu                        
62,0,yuuuuuu                       
63,0,yuuuuuuu                      
64,0,yuuuuuuuu                     
65,0,yuuuuuuuuu                    
66,0,yuuuuuuuuuu                   
67,0,yuuuuuuuuuuu                  
68,0,yuuuuuuuuuuuu                 
69,0,yuuuuuuuuuuuuu                
70,0,yuuuuuuuuuuuuuu               
71,0,yuuuuuuuuuuuuuuu              
72,2,yukon                         
73,2,yyukon                        
74,2,yyyukon                       
75,2,yyyyukon                      
76,2,yyyyyukon                     
77,2,yyyyyyukon                    
78,2,yyyyyyyukon                   
79,2,yyyyyyyyukon                  
80,2,yyyyyyyyyukon                 
81,2,yyyyyyyyyyukon                
82,2,yyyyyyyyyyyukon               
83,2,yyyyyyyyyyyyukon              
84,2,yyyyyyyyyyyyyukon             
85,2,yyyyyyyyyyyyyyukon            
86,2,yyyyyyyyyyyyyyyukon           
87,2,yuukon                        
88,2,yuuukon                       
89,2,yuuuukon                      
90,2,yuuuuukon                     
91,2,yuuuuuukon                    
92,2,yuuuuuuukon                   
93,2,yuuuuuuuukon                  
94,2,yuuuuuuuuukon                 
95,2,yuuuuuuuuuukon                
96,2,yuuuuuuuuuuukon               
97,2,yuuuuuuuuuuuukon              
98,2,yuuuuuuuuuuuuukon             
99,2,yuuuuuuuuuuuuuukon            
100,2,yuuuuuuuuuuuuuuukon           
101,2,yukkon                        
102,2,yukkkon                       
103,2,yukkkkon                      
104,2,yukkkkkon                     
105,2,yukkkkkkon                    
106,2,yukkkkkkkon                   
107,2,yukkkkkkkkon                  
108,2,yukkkkkkkkkon                 
109,2,yukkkkkkkkkkon                
110,2,yukkkkkkkkkkkon               
111,2,yukkkkkkkkkkkkon              
112,2,yukkkkkkkkkkkkkon             
113,2,yukkkkkkkkkkkkkkon            
114,2,yukkkkkkkkkkkkkkkon           
115,2,yukoon                        
116,2,yukooon                       
117,2,yukoooon                      
118,2,yukooooon                     
119,2,yukoooooon                    
120,2,yukooooooon                   
121,2,yukoooooooon                  
122,2,yukooooooooon                 
123,2,yukoooooooooon                
124,2,yukooooooooooon               
125,2,yukoooooooooooon              
126,2,yukooooooooooooon             
127,2,yukoooooooooooooon            
128,2,yukooooooooooooooon           
129,2,yukonn                        
130,2,yukonnn                       
131,2,yukonnnn                      
132,2,yukonnnnn                     
133,2,yukonnnnnn                    
134,2,yukonnnnnnn                   
135,2,yukonnnnnnnn                  
136,2,yukonnnnnnnnn                 
137,2,yukonnnnnnnnnn                
138,2,yukonnnnnnnnnnn               
139,2,yukonnnnnnnnnnnn              
140,2,yukonnnnnnnnnnnnn             
141,2,yukonnnnnnnnnnnnnn            
142,2,yukonnnnnnnnnnnnnnn           
143,2,ureka                         
144,2,uureka                        
145,2,uuureka                       
146,2,uuuureka                      
147,2,uuuuureka                     
148,2,uuuuuureka                    
149,2,uuuuuuureka                   
150,2,uuuuuuuureka                  
151,2,uuuuuuuuureka                 
152,2,uuuuuuuuuureka                
153,2,uuuuuuuuuuureka               
154,2,uuuuuuuuuuuureka              
155,2,uuuuuuuuuuuuureka             
156,2,uuuuuuuuuuuuuureka            
157,2,uuuuuuuuuuuuuuureka           
158,2,urreka                        
159,2,urrreka                       
160,2,urrrreka                      
161,2,urrrrreka                     
162,2,urrrrrreka                    
163,2,urrrrrrreka                   
164,2,urrrrrrrreka                  
165,2,urrrrrrrrreka                 
166,2,urrrrrrrrrreka                
167,2,urrrrrrrrrrreka               
168,2,urrrrrrrrrrrreka              
169,2,urrrrrrrrrrrrreka             
170,2,urrrrrrrrrrrrrreka            
171,2,urrrrrrrrrrrrrrreka           
172,2,ureeka                        
173,2,ureeeka                       
174,2,ureeeeka                      
175,2,ureeeeeka                     
176,2,ureeeeeeka                    
177,2,ureeeeeeeka                   
178,2,ureeeeeeeeka                  
179,2,ureeeeeeeeeka                 
180,2,ureeeeeeeeeeka                
181,2,ureeeeeeeeeeeka               
182,2,ureeeeeeeeeeeeka              
183,2,ureeeeeeeeeeeeeka             
184,2,ureeeeeeeeeeeeeeka            
185,2,ureeeeeeeeeeeeeeeka           
186,2,urekka                        
187,2,urekkka                       
188,2,urekkkka                      
189,2,urekkkkka                     
190,2,urekkkkkka                    
191,2,urekkkkkkka                   
192,2,urekkkkkkkka                  
193,2,urekkkkkkkkka                 
194,2,urekkkkkkkkkka                
195,2,urekkkkkkkkkkka               
196,2,urekkkkkkkkkkkka              
197,2,urekkkkkkkkkkkkka             
198,2,urekkkkkkkkkkkkkka            
199,2,urekkkkkkkkkkkkkkka           
200,2,urekaa                        
201,2,urekaaa                       
202,2,urekaaaa                      
203,2,urekaaaaa                     
204,2,urekaaaaaa                    
205,2,urekaaaaaaa                   
206,2,urekaaaaaaaa                  
207,2,urekaaaaaaaaa                 
208,2,urekaaaaaaaaaa                
209,2,urekaaaaaaaaaaa               
210,2,urekaaaaaaaaaaaa              
211,2,urekaaaaaaaaaaaaa             
212,2,urekaaaaaaaaaaaaaa            
213,2,urekaaaaaaaaaaaaaaa           
214,1,yur                           
215,1,yyur                          
216,1,yyyur                         
217,1,yyyyur                        
218,1,yyyyyur                       
219,1,yyyyyyur                      
220,1,yyyyyyyur                     
221,1,yyyyyyyyur                    
222,1,yyyyyyyyyur                   
223,1,yyyyyyyyyyur                  
224,1,yyyyyyyyyyyur                 
225,1,yyyyyyyyyyyyur                
226,1,yyyyyyyyyyyyyur               
227,1,yyyyyyyyyyyyyyur              
228,1,yyyyyyyyyyyyyyyur             
229,1,yuur                          
230,1,yuuur                         
231,1,yuuuur                        
232,1,yuuuuur                       
233,1,yuuuuuur                      
234,1,yuuuuuuur                     
235,1,yuuuuuuuur                    
236,1,yuuuuuuuuur                   
237,1,yuuuuuuuuuur                  
238,1,yuuuuuuuuuuur                 
239,1,yuuuuuuuuuuuur                
240,1,yuuuuuuuuuuuuur               
241,1,yuuuuuuuuuuuuuur              
242,1,yuuuuuuuuuuuuuuur             
243,1,yurr                          
244,1,yurrr                         
245,1,yurrrr                        
246,1,yurrrrr                       
247,1,yurrrrrr                      
248,1,yurrrrrrr                     
249,1,yurrrrrrrr                    
250,1,yurrrrrrrrr                   
251,1,yurrrrrrrrrr                  
252,1,yurrrrrrrrrrr                 
253,1,yurrrrrrrrrrrr                
254,1,yurrrrrrrrrrrrr               
255,1,yurrrrrrrrrrrrrr              
256,1,yurrrrrrrrrrrrrrr             
257,0,u                             
258,0,uu                            
259,0,uuu                           
260,0,uuuu                          
261,0,uuuuu                         
262,0,uuuuuu                        
263,0,uuuuuuu                       
264,0,uuuuuuuu                      
265,0,uuuuuuuuu                     
266,0,uuuuuuuuuu                    
267,0,uuuuuuuuuuu                   
268,0,uuuuuuuuuuuu                  
269,0,uuuuuuuuuuuuu                 
270,0,uuuuuuuuuuuuuu                
271,0,uuuuuuuuuuuuuuu               
272,1,ur                            
273,1,uur                           
274,1,uuur                          
275,1,uuuur                         
276,1,uuuuur                        
277,1,uuuuuur                       
278,1,uuuuuuur                      
279,1,uuuuuuuur                     
280,1,uuuuuuuuur                    
281,1,uuuuuuuuuur                   
282,1,uuuuuuuuuuur                  
283,1,uuuuuuuuuuuur                 
284,1,uuuuuuuuuuuuur                
285,1,uuuuuuuuuuuuuur               
286,1,uuuuuuuuuuuuuuur              
287,1,urr                           
288,1,urrr                          
289,1,urrrr                         
290,1,urrrrr                        
291,1,urrrrrr                       
292,1,urrrrrrr                      
293,1,urrrrrrrr                     
294,1,urrrrrrrrr                    
295,1,urrrrrrrrrr                   
296,1,urrrrrrrrrrr                  
297,1,urrrrrrrrrrrr                 
298,1,urrrrrrrrrrrrr                
299,1,urrrrrrrrrrrrrr               
300,1,urrrrrrrrrrrrrrr              
301,1,your                          
302,1,yyour                         
303,1,yyyour                        
304,1,yyyyour                       
305,1,yyyyyour                      
306,1,yyyyyyour                     
307,1,yyyyyyyour                    
308,1,yyyyyyyyour                   
309,1,yyyyyyyyyour                  
310,1,yyyyyyyyyyour                 
311,1,yyyyyyyyyyyour                
312,1,yyyyyyyyyyyyour               
313,1,yyyyyyyyyyyyyour              
314,1,yyyyyyyyyyyyyyour             
315,1,yyyyyyyyyyyyyyyour            
316,1,yoour                         
317,1,yooour                        
318,1,yoooour                       
319,1,yooooour                      
320,1,yoooooour                     
321,1,yooooooour                    
322,1,yoooooooour                   
323,1,yooooooooour                  
324,1,yoooooooooour                 
325,1,yooooooooooour                
326,1,yoooooooooooour               
327,1,yooooooooooooour              
328,1,yoooooooooooooour             
329,1,yooooooooooooooour            
330,1,youur                         
331,1,youuur                        
332,1,youuuur                       
333,1,youuuuur                      
334,1,youuuuuur                     
335,1,youuuuuuur                    
336,1,youuuuuuuur                   
337,1,youuuuuuuuur                  
338,1,youuuuuuuuuur                 
339,1,youuuuuuuuuuur                
340,1,youuuuuuuuuuuur               
341,1,youuuuuuuuuuuuur              
342,1,youuuuuuuuuuuuuur             
343,1,youuuuuuuuuuuuuuur            
344,1,yourr                         
345,1,yourrr                        
346,1,yourrrr                       
347,1,yourrrrr                      
348,1,yourrrrrr                     
349,1,yourrrrrrr                    
350,1,yourrrrrrrr                   
351,1,yourrrrrrrrr                  
352,1,yourrrrrrrrrr                 
353,1,yourrrrrrrrrrr                
354,1,yourrrrrrrrrrrr               
355,1,yourrrrrrrrrrrrr              
356,1,yourrrrrrrrrrrrrr             
357,1,yourrrrrrrrrrrrrrr            
358,2,yacht                         
359,2,yyacht                        
360,2,yyyacht                       
361,2,yyyyacht                      
362,2,yyyyyacht                     
363,2,yyyyyyacht                    
364,2,yyyyyyyacht                   
365,2,yyyyyyyyacht                  
366,2,yyyyyyyyyacht                 
367,2,yyyyyyyyyyacht                
368,2,yyyyyyyyyyyacht               
369,2,yyyyyyyyyyyyacht              
370,2,yyyyyyyyyyyyyacht             
371,2,yyyyyyyyyyyyyyacht            
372,2,yyyyyyyyyyyyyyyacht           
373,2,yaacht                        
374,2,yaaacht                       
375,2,yaaaacht                      
376,2,yaaaaacht                     
377,2,yaaaaaacht                    
378,2,yaaaaaaacht                   
379,2,yaaaaaaaacht                  
380,2,yaaaaaaaaacht                 
381,2,yaaaaaaaaaacht                
382,2,yaaaaaaaaaaacht               
383,2,yaaaaaaaaaaaacht              
384,2,yaaaaaaaaaaaaacht             
385,2,yaaaaaaaaaaaaaacht            
386,2,yaaaaaaaaaaaaaaacht           
387,2,yaccht                        
388,2,yacccht                       
389,2,yaccccht                      
390,2,yacccccht                     
391,2,yaccccccht                    
392,2,yacccccccht                   
393,2,yaccccccccht                  
394,2,yacccccccccht                 
395,2,yaccccccccccht                
396,2,yacccccccccccht               
397,2,yaccccccccccccht              
398,2,yacccccccccccccht             
399,2,yaccccccccccccccht            
400,2,yacccccccccccccccht           
401,2,yachht                        
402,2,yachhht                       
403,2,yachhhht                      
404,2,yachhhhht                     
405,2,yachhhhhht                    
406,2,yachhhhhhht                   
407,2,yachhhhhhhht                  
408,2,yachhhhhhhhht                 
409,2,yachhhhhhhhhht                
410,2,yachhhhhhhhhhht               
411,2,yachhhhhhhhhhhht              
412,2,yachhhhhhhhhhhhht             
413,2,yachhhhhhhhhhhhhht            
414,2,yachhhhhhhhhhhhhhht           
415,2,yachtt                        
416,2,yachttt                       
417,2,yachtttt                      
418,2,yachttttt                     
419,2,yachtttttt                    
420,2,yachttttttt                   
421,2,yachtttttttt                  
422,2,yachttttttttt                 
423,2,yachtttttttttt                
424,2,yachttttttttttt               
425,2,yachtttttttttttt              
426,2,yachttttttttttttt             
427,2,yachtttttttttttttt            
428,2,yachttttttttttttttt           
429,2,young                         
430,2,yyoung                        
431,2,yyyoung                       
432,2,yyyyoung                      
433,2,yyyyyoung                     
434,2,yyyyyyoung                    
435,2,yyyyyyyoung                   
436,2,yyyyyyyyoung                  
437,2,yyyyyyyyyoung                 
438,2,yyyyyyyyyyoung                
439,2,yyyyyyyyyyyoung               
440,2,yyyyyyyyyyyyoung              
441,2,yyyyyyyyyyyyyoung             
442,2,yyyyyyyyyyyyyyoung            
443,2,yyyyyyyyyyyyyyyoung           
444,2,yooung                        
445,2,yoooung                       
446,2,yooooung                      
447,2,yoooooung                     
448,2,yooooooung                    
449,2,yoooooooung                   
450,2,yooooooooung                  
451,2,yoooooooooung                 
452,2,yooooooooooung                
453,2,yoooooooooooung               
454,2,yooooooooooooung              
455,2,yoooooooooooooung             
456,2,yooooooooooooooung            
457,2,yoooooooooooooooung           
458,2,youung                        
459,2,youuung                       
460,2,youuuung                      
461,2,youuuuung                     
462,2,youuuuuung                    
463,2,youuuuuuung                   
464,2,youuuuuuuung                  
465,2,youuuuuuuuung                 
466,2,youuuuuuuuuung                
467,2,youuuuuuuuuuung               
468,2,youuuuuuuuuuuung              
469,2,youuuuuuuuuuuuung             
470,2,youuuuuuuuuuuuuung            
471,2,youuuuuuuuuuuuuuung           
472,2,younng                        
473,2,younnng                       
474,2,younnnng                      
475,2,younnnnng                     
476,2,younnnnnng                    
477,2,younnnnnnng                   
478,2,younnnnnnnng                  
479,2,younnnnnnnnng                 
480,2,younnnnnnnnnng                
481,2,younnnnnnnnnnng               
482,2,younnnnnnnnnnnng              
483,2,younnnnnnnnnnnnng             
484,2,younnnnnnnnnnnnnng            
485,2,younnnnnnnnnnnnnnng           
486,2,youngg                        
487,2,younggg                       
488,2,youngggg                      
489,2,younggggg                     
490,2,youngggggg                    
491,2,younggggggg                   
492,2,youngggggggg                  
493,2,younggggggggg                 
494,2,youngggggggggg                
495,2,younggggggggggg               
496,2,youngggggggggggg              
497,2,younggggggggggggg             
498,2,youngggggggggggggg            
499,2,younggggggggggggggg           
500,2,aura                          
501,2,aaura                         
502,2,aaaura                        
503,2,aaaaura                       
504,2,aaaaaura                      
505,2,aaaaaaura                     
506,2,aaaaaaaura                    
507,2,aaaaaaaaura                   
508,2,aaaaaaaaaura                  
509,2,aaaaaaaaaaura                 
510,2,aaaaaaaaaaaura                
511,2,aaaaaaaaaaaaura               
512,2,aaaaaaaaaaaaaura              
513,2,aaaaaaaaaaaaaaura             
514,2,aaaaaaaaaaaaaaaura            
515,2,auura                         
516,2,auuura                        
517,2,auuuura                       
518,2,auuuuura                      
519,2,auuuuuura                     
520,2,auuuuuuura                    
521,2,auuuuuuuura                   
522,2,auuuuuuuuura                  
523,2,auuuuuuuuuura                 
524,2,auuuuuuuuuuura                
525,2,auuuuuuuuuuuura               
526,2,auuuuuuuuuuuuura              
527,2,auuuuuuuuuuuuuura             
528,2,auuuuuuuuuuuuuuura            
529,2,aurra                         
530,2,aurrra                        
531,2,aurrrra                       
532,2,aurrrrra                      
533,2,aurrrrrra                     
534,2,aurrrrrrra                    
535,2,aurrrrrrrra                   
536,2,aurrrrrrrrra                  
537,2,aurrrrrrrrrra                 
538,2,aurrrrrrrrrrra                
539,2,aurrrrrrrrrrrra               
540,2,aurrrrrrrrrrrrra              
541,2,aurrrrrrrrrrrrrra             
542,2,aurrrrrrrrrrrrrrra            
543,2,auraa                         
544,2,auraaa                        
545,2,auraaaa                       
546,2,auraaaaa                      
547,2,auraaaaaa                     
548,2,auraaaaaaa                    
549,2,auraaaaaaaa                   
550,2,auraaaaaaaaa                  
551,2,auraaaaaaaaaa                 
552,2,auraaaaaaaaaaa                
553,2,auraaaaaaaaaaaa               
554,2,auraaaaaaaaaaaaa              
555,2,auraaaaaaaaaaaaaa             
556,2,auraaaaaaaaaaaaaaa            
557,2,lounge                        
558,2,llounge                       
559,2,lllounge                      
560,2,llllounge                     
561,2,lllllounge                    
562,2,llllllounge                   
563,2,lllllllounge                  
564,2,llllllllounge                 
565,2,lllllllllounge                
566,2,llllllllllounge               
567,2,lllllllllllounge              
568,2,llllllllllllounge             
569,2,lllllllllllllounge            
570,2,llllllllllllllounge           
571,2,lllllllllllllllounge          
572,2,loounge                       
573,2,looounge                      
574,2,loooounge                     
575,2,looooounge                    
576,2,loooooounge                   
577,2,looooooounge                  
578,2,loooooooounge                 
579,2,looooooooounge                
580,2,loooooooooounge               
581,2,looooooooooounge              
582,2,loooooooooooounge             
583,2,looooooooooooounge            
584,2,loooooooooooooounge           
585,2,looooooooooooooounge          
586,2,louunge                       
587,2,louuunge                      
588,2,louuuunge                     
589,2,louuuuunge                    
590,2,louuuuuunge                   
591,2,louuuuuuunge                  
592,2,louuuuuuuunge                 
593,2,louuuuuuuuunge                
594,2,louuuuuuuuuunge               
595,2,louuuuuuuuuuunge              
596,2,louuuuuuuuuuuunge             
597,2,louuuuuuuuuuuuunge            
598,2,louuuuuuuuuuuuuunge           
599,2,louuuuuuuuuuuuuuunge          
600,2,lounnge                       
601,2,lounnnge                      
602,2,lounnnnge                     
603,2,lounnnnnge                    
604,2,lounnnnnnge                   
605,2,lounnnnnnnge                  
606,2,lounnnnnnnnge                 
607,2,lounnnnnnnnnge                
608,2,lounnnnnnnnnnge               
609,2,lounnnnnnnnnnnge              
610,2,lounnnnnnnnnnnnge             
611,2,lounnnnnnnnnnnnnge            
612,2,lounnnnnnnnnnnnnnge           
613,2,lounnnnnnnnnnnnnnnge          
614,2,loungge                       
615,2,lounggge                      
616,2,loungggge                     
617,2,lounggggge                    
618,2,loungggggge                   
619,2,lounggggggge                  
620,2,loungggggggge                 
621,2,lounggggggggge                
622,2,loungggggggggge               
623,2,lounggggggggggge              
624,2,loungggggggggggge             
625,2,lounggggggggggggge            
626,2,loungggggggggggggge           
627,2,lounggggggggggggggge          
628,2,loungee                       
629,2,loungeee                      
630,2,loungeeee                     
631,2,loungeeeee                    
632,2,loungeeeeee                   
633,2,loungeeeeeee                  
634,2,loungeeeeeeee                 
635,2,loungeeeeeeeee                
636,2,loungeeeeeeeeee               
637,2,loungeeeeeeeeeee              
638,2,loungeeeeeeeeeeee             
639,2,loungeeeeeeeeeeeee            
640,2,loungeeeeeeeeeeeeee           
641,2,loungeeeeeeeeeeeeeee          
642,2,yurt                          
643,2,yyurt                         
644,2,yyyurt                        
645,2,yyyyurt                       
646,2,yyyyyurt                      
647,2,yyyyyyurt                     
648,2,yyyyyyyurt                    
649,2,yyyyyyyyurt                   
650,2,yyyyyyyyyurt                  
651,2,yyyyyyyyyyurt                 
652,2,yyyyyyyyyyyurt                
653,2,yyyyyyyyyyyyurt               
654,2,yyyyyyyyyyyyyurt              
655,2,yyyyyyyyyyyyyyurt             
656,2,yyyyyyyyyyyyyyyurt            
657,2,yuurt                         
658,2,yuuurt                        
659,2,yuuuurt                       
660,2,yuuuuurt                      
661,2,yuuuuuurt                     
662,2,yuuuuuuurt                    
663,2,yuuuuuuuurt                   
664,2,yuuuuuuuuurt                  
665,2,yuuuuuuuuuurt                 
666,2,yuuuuuuuuuuurt                
667,2,yuuuuuuuuuuuurt               
668,2,yuuuuuuuuuuuuurt              
669,2,yuuuuuuuuuuuuuurt             
670,2,yuuuuuuuuuuuuuuurt            
671,2,yurrt                         
672,2,yurrrt                        
673,2,yurrrrt                       
674,2,yurrrrrt                      
675,2,yurrrrrrt                     
676,2,yurrrrrrrt                    
677,2,yurrrrrrrrt                   
678,2,yurrrrrrrrrt                  
679,2,yurrrrrrrrrrt                 
680,2,yurrrrrrrrrrrt                
681,2,yurrrrrrrrrrrrt               
682,2,yurrrrrrrrrrrrrt              
683,2,yurrrrrrrrrrrrrrt             
684,2,yurrrrrrrrrrrrrrrt            
685,2,yurtt                         
686,2,yurttt                        
687,2,yurtttt                       
688,2,yurttttt                      
689,2,yurtttttt                     
690,2,yurttttttt                    
691,2,yurtttttttt                   
692,2,yurttttttttt                  
693,2,yurtttttttttt                 
694,2,yurttttttttttt                
695,2,yurtttttttttttt               
696,2,yurttttttttttttt              
697,2,yurtttttttttttttt             
698,2,yurttttttttttttttt            
699,2,yuck                          
700,2,yyuck                         
701,2,yyyuck                        
702,2,yyyyuck                       
703,2,yyyyyuck                      
704,2,yyyyyyuck                     
705,2,yyyyyyyuck                    
706,2,yyyyyyyyuck                   
707,2,yyyyyyyyyuck                  
708,2,yyyyyyyyyyuck                 
709,2,yyyyyyyyyyyuck                
710,2,yyyyyyyyyyyyuck               
711,2,yyyyyyyyyyyyyuck              
712,2,yyyyyyyyyyyyyyuck             
713,2,yyyyyyyyyyyyyyyuck            
714,2,yuuck                         
715,2,yuuuck                        
716,2,yuuuuck                       
717,2,yuuuuuck                      
718,2,yuuuuuuck                     
719,2,yuuuuuuuck                    
720,2,yuuuuuuuuck                   
721,2,yuuuuuuuuuck                  
722,2,yuuuuuuuuuuck                 
723,2,yuuuuuuuuuuuck                
724,2,yuuuuuuuuuuuuck               
725,2,yuuuuuuuuuuuuuck              
726,2,yuuuuuuuuuuuuuuck             
727,2,yuuuuuuuuuuuuuuuck            
728,2,yucck                         
729,2,yuccck                        
730,2,yucccck                       
731,2,yuccccck                      
732,2,yucccccck                     
733,2,yuccccccck                    
734,2,yucccccccck                   
735,2,yuccccccccck                  
736,2,yucccccccccck                 
737,2,yuccccccccccck                
738,2,yucccccccccccck               
739,2,yuccccccccccccck              
740,2,yucccccccccccccck             
741,2,yuccccccccccccccck            
742,2,yuckk                         
743,2,yuckkk                        
744,2,yuckkkk                       
745,2,yuckkkkk                      
746,2,yuckkkkkk                     
747,2,yuckkkkkkk                    
748,2,yuckkkkkkkk                   
749,2,yuckkkkkkkkk                  
750,2,yuckkkkkkkkkk                 
751,2,yuckkkkkkkkkkk                
752,2,yuckkkkkkkkkkkk               
753,2,yuckkkkkkkkkkkkk              
754,2,yuckkkkkkkkkkkkkk             
755,2,yuckkkkkkkkkkkkkkk            
756,2,yup                           
757,2,yyup                          
758,2,yyyup                         
759,2,yyyyup                        
760,2,yyyyyup                       
761,2,yyyyyyup                      
762,2,yyyyyyyup                     
763,2,yyyyyyyyup                    
764,2,yyyyyyyyyup                   
765,2,yyyyyyyyyyup                  
766,2,yyyyyyyyyyyup                 
767,2,yyyyyyyyyyyyup                
768,2,yyyyyyyyyyyyyup               
769,2,yyyyyyyyyyyyyyup              
770,2,yyyyyyyyyyyyyyyup             
771,2,yuup                          
772,2,yuuup                         
773,2,yuuuup                        
774,2,yuuuuup                       
775,2,yuuuuuup                      
776,2,yuuuuuuup                     
777,2,yuuuuuuuup                    
778,2,yuuuuuuuuup                   
779,2,yuuuuuuuuuup                  
780,2,yuuuuuuuuuuup                 
781,2,yuuuuuuuuuuuup                
782,2,yuuuuuuuuuuuuup               
783,2,yuuuuuuuuuuuuuup              
784,2,yuuuuuuuuuuuuuuup             
785,2,yupp                          
786,2,yuppp                         
787,2,yupppp                        
788,2,yuppppp                       
789,2,yupppppp                      
790,2,yuppppppp                     
791,2,yupppppppp                    
792,2,yuppppppppp                   
793,2,yupppppppppp                  
794,2,yuppppppppppp                 
795,2,yupppppppppppp                
796,2,yuppppppppppppp               
797,2,yupppppppppppppp              
798,2,yuppppppppppppppp             
799,2,yum                           
800,2,yyum                          
801,2,yyyum                         
802,2,yyyyum                        
803,2,yyyyyum                       
804,2,yyyyyyum                      
805,2,yyyyyyyum                     
806,2,yyyyyyyyum                    
807,2,yyyyyyyyyum                   
808,2,yyyyyyyyyyum                  
809,2,yyyyyyyyyyyum                 
810,2,yyyyyyyyyyyyum                
811,2,yyyyyyyyyyyyyum               
812,2,yyyyyyyyyyyyyyum              
813,2,yyyyyyyyyyyyyyyum             
814,2,yuum                          
815,2,yuuum                         
816,2,yuuuum                        
817,2,yuuuuum                       
818,2,yuuuuuum                      
819,2,yuuuuuuum                     
820,2,yuuuuuuuum                    
821,2,yuuuuuuuuum                   
822,2,yuuuuuuuuuum                  
823,2,yuuuuuuuuuuum                 
824,2,yuuuuuuuuuuuum                
825,2,yuuuuuuuuuuuuum               
826,2,yuuuuuuuuuuuuuum              
827,2,yuuuuuuuuuuuuuuum             
828,2,yumm                          
829,2,yummm                         
830,2,yummmm                        
831,2,yummmmm                       
832,2,yummmmmm                      
833,2,yummmmmmm                     
834,2,yummmmmmmm                    
835,2,yummmmmmmmm                   
836,2,yummmmmmmmmm                  
837,2,yummmmmmmmmmm                 
838,2,yummmmmmmmmmmm                
839,2,yummmmmmmmmmmmm               
840,2,yummmmmmmmmmmmmm              
841,2,yummmmmmmmmmmmmmm             
842,2,y                             
843,2,yy                            
844,2,yyy                           
845,2,yyyy                          
846,2,yyyyy                         
847,2,yyyyyy                        
848,2,yyyyyyy                       
849,2,yyyyyyyy                      
850,2,yyyyyyyyy                     
851,2,yyyyyyyyyy                    
852,2,yyyyyyyyyyy                   
853,2,yyyyyyyyyyyy                  
854,2,yyyyyyyyyyyyy                 
855,2,yyyyyyyyyyyyyy                
856,2,yyyyyyyyyyyyyyy               
857,2,why                           
858,2,wwhy                          
859,2,wwwhy                         
860,2,wwwwhy                        
861,2,wwwwwhy                       
862,2,wwwwwwhy                      
863,2,wwwwwwwhy                     
864,2,wwwwwwwwhy                    
865,2,wwwwwwwwwhy                   
866,2,wwwwwwwwwwhy                  
867,2,wwwwwwwwwwwhy                 
868,2,wwwwwwwwwwwwhy                
869,2,wwwwwwwwwwwwwhy               
870,2,wwwwwwwwwwwwwwhy              
871,2,wwwwwwwwwwwwwwwhy             
872,2,whhy                          
873,2,whhhy                         
874,2,whhhhy                        
875,2,whhhhhy                       
876,2,whhhhhhy                      
877,2,whhhhhhhy                     
878,2,whhhhhhhhy                    
879,2,whhhhhhhhhy                   
880,2,whhhhhhhhhhy                  
881,2,whhhhhhhhhhhy                 
882,2,whhhhhhhhhhhhy                
883,2,whhhhhhhhhhhhhy               
884,2,whhhhhhhhhhhhhhy              
885,2,whhhhhhhhhhhhhhhy             
886,2,whyy                          
887,2,whyyy                         
888,2,whyyyy                        
889,2,whyyyyy                       
890,2,whyyyyyy                      
891,2,whyyyyyyy                     
892,2,whyyyyyyyy                    
893,2,whyyyyyyyyy                   
894,2,whyyyyyyyyyy                  
895,2,whyyyyyyyyyyy                 
896,2,whyyyyyyyyyyyy                
897,2,whyyyyyyyyyyyyy               
898,2,whyyyyyyyyyyyyyy              
899,2,whyyyyyyyyyyyyyyy             
900,2,fly                           
901,2,ffly                          
902,2,fffly                         
903,2,ffffly                        
904,2,fffffly                       
905,2,ffffffly                      
906,2,fffffffly                     
907,2,ffffffffly                    
908,2,fffffffffly                   
909,2,ffffffffffly                  
910,2,fffffffffffly                 
911,2,ffffffffffffly                
912,2,fffffffffffffly               
913,2,ffffffffffffffly              
914,2,fffffffffffffffly             
915,2,flly                          
916,2,fllly                         
917,2,flllly                        
918,2,fllllly                       
919,2,flllllly                      
920,2,fllllllly                     
921,2,flllllllly                    
922,2,fllllllllly                   
923,2,flllllllllly                  
924,2,fllllllllllly                 
925,2,flllllllllllly                
926,2,fllllllllllllly               
927,2,flllllllllllllly              
928,2,fllllllllllllllly             
929,2,flyy                          
930,2,flyyy                         
931,2,flyyyy                        
932,2,flyyyyy                       
933,2,flyyyyyy                      
934,2,flyyyyyyy                     
935,2,flyyyyyyyy                    
936,2,flyyyyyyyyy                   
937,2,flyyyyyyyyyy                  
938,2,flyyyyyyyyyyy                 
939,2,flyyyyyyyyyyyy                
940,2,flyyyyyyyyyyyyy               
941,2,flyyyyyyyyyyyyyy              
942,2,flyyyyyyyyyyyyyyy             
943,2,lol                           
944,2,llol                          
945,2,lllol                         
946,2,llllol                        
947,2,lllllol                       
948,2,llllllol                      
949,2,lllllllol                     
950,2,llllllllol                    
951,2,lllllllllol                   
952,2,llllllllllol                  
953,2,lllllllllllol                 
954,2,llllllllllllol                
955,2,lllllllllllllol               
956,2,llllllllllllllol              
957,2,lllllllllllllllol             
958,2,lool                          
959,2,loool                         
960,2,looool                        
961,2,loooool                       
962,2,looooool                      
963,2,loooooool                     
964,2,looooooool                    
965,2,loooooooool                   
966,2,looooooooool                  
967,2,loooooooooool                 
968,2,looooooooooool                
969,2,loooooooooooool               
970,2,looooooooooooool              
971,2,loooooooooooooool             
972,2,loll                          
973,2,lolll                         
974,2,lollll                        
975,2,lolllll                       
976,2,lollllll                      
977,2,lolllllll                     
978,2,lollllllll                    
979,2,lolllllllll                   
980,2,lollllllllll                  
981,2,lolllllllllll                 
982,2,lollllllllllll                
983,2,lolllllllllllll               
984,2,lollllllllllllll              
985,2,lolllllllllllllll             
986,2,omg                           
987,2,oomg                          
988,2,ooomg                         
989,2,oooomg                        
990,2,ooooomg                       
991,2,oooooomg                      
992,2,ooooooomg                     
993,2,oooooooomg                    
994,2,ooooooooomg                   
995,2,oooooooooomg                  
996,2,ooooooooooomg                 
997,2,oooooooooooomg                
998,2,ooooooooooooomg               
999,2,oooooooooooooomg              
1000,2,ooooooooooooooomg             
1001,2,ommg                          
1002,2,ommmg                         
1003,2,ommmmg                        
1004,2,ommmmmg                       
1005,2,ommmmmmg                      
1006,2,ommmmmmmg                     
1007,2,ommmmmmmmg                    
1008,2,ommmmmmmmmg                   
1009,2,ommmmmmmmmmg                  
1010,2,ommmmmmmmmmmg                 
1011,2,ommmmmmmmmmmmg                
1012,2,ommmmmmmmmmmmmg               
1013,2,ommmmmmmmmmmmmmg              
1014,2,ommmmmmmmmmmmmmmg             
1015,2,omgg                          
1016,2,omggg                         
1017,2,omgggg                        
1018,2,omggggg                       
1019,2,omgggggg                      
1020,2,omggggggg                     
1021,2,omgggggggg                    
1022,2,omggggggggg                   
1023,2,omgggggggggg                  
1024,2,omggggggggggg                 
1025,2,omgggggggggggg                
1026,2,omggggggggggggg               
1027,2,omgggggggggggggg              
1028,2,omggggggggggggggg             
1029,2,ok                            
1030,2,ook                           
1031,2,oook                          
1032,2,ooook                         
1033,2,oooook                        
1034,2,ooooook                       
1035,2,oooooook                      
1036,2,ooooooook                     
1037,2,oooooooook                    
1038,2,ooooooooook                   
1039,2,oooooooooook                  
1040,2,ooooooooooook                 
1041,2,oooooooooooook                
1042,2,ooooooooooooook               
1043,2,oooooooooooooook              
1044,2,okk                           
1045,2,okkk                          
1046,2,okkkk                         
1047,2,okkkkk                        
1048,2,okkkkkk                       
1049,2,okkkkkkk                      
1050,2,okkkkkkkk                     
1051,2,okkkkkkkkk                    
1052,2,okkkkkkkkkk                   
1053,2,okkkkkkkkkkk                  
1054,2,okkkkkkkkkkkk                 
1055,2,okkkkkkkkkkkkk                
1056,2,okkkkkkkkkkkkkk               
1057,2,okkkkkkkkkkkkkkk              
1058,2,trust                         
1059,2,ttrust                        
1060,2,tttrust                       
1061,2,ttttrust                      
1062,2,tttttrust                     
1063,2,ttttttrust                    
1064,2,tttttttrust                   
1065,2,ttttttttrust                  
1066,2,tttttttttrust                 
1067,2,ttttttttttrust                
1068,2,tttttttttttrust               
1069,2,ttttttttttttrust              
1070,2,tttttttttttttrust             
1071,2,ttttttttttttttrust            
1072,2,tttttttttttttttrust           
1073,2,trrust                        
1074,2,trrrust                       
1075,2,trrrrust                      
1076,2,trrrrrust                     
1077,2,trrrrrrust                    
1078,2,trrrrrrrust                   
1079,2,trrrrrrrrust                  
1080,2,trrrrrrrrrust                 
1081,2,trrrrrrrrrrust                
1082,2,trrrrrrrrrrrust               
1083,2,trrrrrrrrrrrrust              
1084,2,trrrrrrrrrrrrrust             
1085,2,trrrrrrrrrrrrrrust            
1086,2,trrrrrrrrrrrrrrrust           
1087,2,truust                        
1088,2,truuust                       
1089,2,truuuust                      
1090,2,truuuuust                     
1091,2,truuuuuust                    
1092,2,truuuuuuust                   
1093,2,truuuuuuuust                  
1094,2,truuuuuuuuust                 
1095,2,truuuuuuuuuust                
1096,2,truuuuuuuuuuust               
1097,2,truuuuuuuuuuuust              
1098,2,truuuuuuuuuuuuust             
1099,2,truuuuuuuuuuuuuust            
1100,2,truuuuuuuuuuuuuuust           
1101,2,trusst                        
1102,2,trussst                       
1103,2,trusssst                      
1104,2,trussssst                     
1105,2,trusssssst                    
1106,2,trussssssst                   
1107,2,trusssssssst                  
1108,2,trussssssssst                 
1109,2,trusssssssssst                
1110,2,trussssssssssst               
1111,2,trusssssssssssst              
1112,2,trussssssssssssst             
1113,2,trusssssssssssssst            
1114,2,trussssssssssssssst           
1115,2,trustt                        
1116,2,trusttt                       
1117,2,trustttt                      
1118,2,trusttttt                     
1119,2,trustttttt                    
1120,2,trusttttttt                   
1121,2,trustttttttt                  
1122,2,trusttttttttt                 
1123,2,trustttttttttt                
1124,2,trusttttttttttt               
1125,2,trustttttttttttt              
1126,2,trusttttttttttttt             
1127,2,trustttttttttttttt            
1128,2,trusttttttttttttttt           
1129,2,up                            
1130,2,uup                           
1131,2,uuup                          
1132,2,uuuup                         
1133,2,uuuuup                        
1134,2,uuuuuup                       
1135,2,uuuuuuup                      
1136,2,uuuuuuuup                     
1137,2,uuuuuuuuup                    
1138,2,uuuuuuuuuup                   
1139,2,uuuuuuuuuuup                  
1140,2,uuuuuuuuuuuup                 
1141,2,uuuuuuuuuuuuup                
1142,2,uuuuuuuuuuuuuup               
1143,2,uuuuuuuuuuuuuuup              
1144,2,upp                           
1145,2,uppp                          
1146,2,upppp                         
1147,2,uppppp                        
1148,2,upppppp                       
1149,2,uppppppp                      
1150,2,upppppppp                     
1151,2,uppppppppp                    
1152,2,upppppppppp                   
1153,2,uppppppppppp                  
1154,2,upppppppppppp                 
1155,2,uppppppppppppp                
1156,2,upppppppppppppp               
1157,2,uppppppppppppppp              
